issue,date,digits,source
2023208,2023-08-06,692,https://caipiao.eastmoney.com/Result/History/fc3d
2023209,2023-08-07,796,https://caipiao.eastmoney.com/Result/History/fc3d
2023210,2023-08-08,681,https://caipiao.eastmoney.com/Result/History/fc3d
2023211,2023-08-09,612,https://caipiao.eastmoney.com/Result/History/fc3d
2023212,2023-08-10,444,https://caipiao.eastmoney.com/Result/History/fc3d
2023213,2023-08-11,732,https://caipiao.eastmoney.com/Result/History/fc3d
2023214,2023-08-12,522,https://caipiao.eastmoney.com/Result/History/fc3d
2023215,2023-08-13,308,https://caipiao.eastmoney.com/Result/History/fc3d
2023216,2023-08-14,187,https://caipiao.eastmoney.com/Result/History/fc3d
2023217,2023-08-15,811,https://caipiao.eastmoney.com/Result/History/fc3d
2023218,2023-08-16,071,https://caipiao.eastmoney.com/Result/History/fc3d
2023219,2023-08-17,348,https://caipiao.eastmoney.com/Result/History/fc3d
2023220,2023-08-18,587,https://caipiao.eastmoney.com/Result/History/fc3d
2023221,2023-08-19,503,https://caipiao.eastmoney.com/Result/History/fc3d
2023222,2023-08-20,265,https://caipiao.eastmoney.com/Result/History/fc3d
2023223,2023-08-21,309,https://caipiao.eastmoney.com/Result/History/fc3d
2023224,2023-08-22,447,https://caipiao.eastmoney.com/Result/History/fc3d
2023225,2023-08-23,798,https://caipiao.eastmoney.com/Result/History/fc3d
2023226,2023-08-24,182,https://caipiao.eastmoney.com/Result/History/fc3d
2023227,2023-08-25,206,https://caipiao.eastmoney.com/Result/History/fc3d
2023228,2023-08-26,985,https://caipiao.eastmoney.com/Result/History/fc3d
2023229,2023-08-27,142,https://caipiao.eastmoney.com/Result/History/fc3d
2023230,2023-08-28,787,https://caipiao.eastmoney.com/Result/History/fc3d
2023231,2023-08-29,049,https://caipiao.eastmoney.com/Result/History/fc3d
2023232,2023-08-30,133,https://caipiao.eastmoney.com/Result/History/fc3d
2023233,2023-08-31,928,https://caipiao.eastmoney.com/Result/History/fc3d
2023234,2023-09-01,109,https://caipiao.eastmoney.com/Result/History/fc3d
2023235,2023-09-02,480,https://caipiao.eastmoney.com/Result/History/fc3d
2023236,2023-09-03,680,https://caipiao.eastmoney.com/Result/History/fc3d
2023237,2023-09-04,096,https://caipiao.eastmoney.com/Result/History/fc3d
2023238,2023-09-05,455,https://caipiao.eastmoney.com/Result/History/fc3d
2023239,2023-09-06,731,https://caipiao.eastmoney.com/Result/History/fc3d
2023240,2023-09-07,232,https://caipiao.eastmoney.com/Result/History/fc3d
2023241,2023-09-08,495,https://caipiao.eastmoney.com/Result/History/fc3d
2023242,2023-09-09,486,https://caipiao.eastmoney.com/Result/History/fc3d
2023243,2023-09-10,848,https://caipiao.eastmoney.com/Result/History/fc3d
2023244,2023-09-11,377,https://caipiao.eastmoney.com/Result/History/fc3d
2023245,2023-09-12,768,https://caipiao.eastmoney.com/Result/History/fc3d
2023246,2023-09-13,779,https://caipiao.eastmoney.com/Result/History/fc3d
2023247,2023-09-14,569,https://caipiao.eastmoney.com/Result/History/fc3d
2023248,2023-09-15,049,https://caipiao.eastmoney.com/Result/History/fc3d
2023249,2023-09-16,076,https://caipiao.eastmoney.com/Result/History/fc3d
2023250,2023-09-17,968,https://caipiao.eastmoney.com/Result/History/fc3d
2023251,2023-09-18,503,https://caipiao.eastmoney.com/Result/History/fc3d
2023252,2023-09-19,213,https://caipiao.eastmoney.com/Result/History/fc3d
2023253,2023-09-20,721,https://caipiao.eastmoney.com/Result/History/fc3d
2023254,2023-09-21,283,https://caipiao.eastmoney.com/Result/History/fc3d
2023255,2023-09-22,564,https://caipiao.eastmoney.com/Result/History/fc3d
2023256,2023-09-23,474,https://caipiao.eastmoney.com/Result/History/fc3d
2023257,2023-09-24,694,https://caipiao.eastmoney.com/Result/History/fc3d
2023258,2023-09-25,927,https://caipiao.eastmoney.com/Result/History/fc3d
2023259,2023-09-26,086,https://caipiao.eastmoney.com/Result/History/fc3d
2023260,2023-09-27,547,https://caipiao.eastmoney.com/Result/History/fc3d
2023261,2023-09-28,723,https://caipiao.eastmoney.com/Result/History/fc3d
2023262,2023-09-29,220,https://caipiao.eastmoney.com/Result/History/fc3d
2023263,2023-09-30,335,https://caipiao.eastmoney.com/Result/History/fc3d
2023264,2023-10-05,638,https://caipiao.eastmoney.com/Result/History/fc3d
2023265,2023-10-06,356,https://caipiao.eastmoney.com/Result/History/fc3d
2023266,2023-10-07,113,https://caipiao.eastmoney.com/Result/History/fc3d
2023267,2023-10-08,478,https://caipiao.eastmoney.com/Result/History/fc3d
2023268,2023-10-09,067,https://caipiao.eastmoney.com/Result/History/fc3d
2023269,2023-10-10,665,https://caipiao.eastmoney.com/Result/History/fc3d
2023270,2023-10-11,457,https://caipiao.eastmoney.com/Result/History/fc3d
2023271,2023-10-12,179,https://caipiao.eastmoney.com/Result/History/fc3d
2023272,2023-10-13,058,https://caipiao.eastmoney.com/Result/History/fc3d
2023273,2023-10-14,475,https://caipiao.eastmoney.com/Result/History/fc3d
2023274,2023-10-15,995,https://caipiao.eastmoney.com/Result/History/fc3d
2023275,2023-10-16,739,https://caipiao.eastmoney.com/Result/History/fc3d
2023276,2023-10-17,441,https://caipiao.eastmoney.com/Result/History/fc3d
2023277,2023-10-18,920,https://caipiao.eastmoney.com/Result/History/fc3d
2023278,2023-10-19,809,https://caipiao.eastmoney.com/Result/History/fc3d
2023279,2023-10-20,792,https://caipiao.eastmoney.com/Result/History/fc3d
2023280,2023-10-21,278,https://caipiao.eastmoney.com/Result/History/fc3d
2023281,2023-10-22,684,https://caipiao.eastmoney.com/Result/History/fc3d
2023282,2023-10-23,104,https://caipiao.eastmoney.com/Result/History/fc3d
2023283,2023-10-24,948,https://caipiao.eastmoney.com/Result/History/fc3d
2023284,2023-10-25,393,https://caipiao.eastmoney.com/Result/History/fc3d
2023285,2023-10-26,591,https://caipiao.eastmoney.com/Result/History/fc3d
2023286,2023-10-27,205,https://caipiao.eastmoney.com/Result/History/fc3d
2023287,2023-10-28,309,https://caipiao.eastmoney.com/Result/History/fc3d
2023288,2023-10-29,550,https://caipiao.eastmoney.com/Result/History/fc3d
2023289,2023-10-30,866,https://caipiao.eastmoney.com/Result/History/fc3d
2023290,2023-10-31,833,https://caipiao.eastmoney.com/Result/History/fc3d
2023291,2023-11-01,583,https://caipiao.eastmoney.com/Result/History/fc3d
2023292,2023-11-02,689,https://caipiao.eastmoney.com/Result/History/fc3d
2023293,2023-11-03,810,https://caipiao.eastmoney.com/Result/History/fc3d
2023294,2023-11-04,591,https://caipiao.eastmoney.com/Result/History/fc3d
2023295,2023-11-05,795,https://caipiao.eastmoney.com/Result/History/fc3d
2023296,2023-11-06,491,https://caipiao.eastmoney.com/Result/History/fc3d
2023297,2023-11-07,226,https://caipiao.eastmoney.com/Result/History/fc3d
2023298,2023-11-08,047,https://caipiao.eastmoney.com/Result/History/fc3d
2023299,2023-11-09,920,https://caipiao.eastmoney.com/Result/History/fc3d
2023300,2023-11-10,090,https://caipiao.eastmoney.com/Result/History/fc3d
2023301,2023-11-11,580,https://caipiao.eastmoney.com/Result/History/fc3d
2023302,2023-11-12,618,https://caipiao.eastmoney.com/Result/History/fc3d
2023303,2023-11-13,721,https://caipiao.eastmoney.com/Result/History/fc3d
2023304,2023-11-14,480,https://caipiao.eastmoney.com/Result/History/fc3d
2023305,2023-11-15,682,https://caipiao.eastmoney.com/Result/History/fc3d
2023306,2023-11-16,888,https://caipiao.eastmoney.com/Result/History/fc3d
2023307,2023-11-17,937,https://caipiao.eastmoney.com/Result/History/fc3d
2023308,2023-11-18,594,https://caipiao.eastmoney.com/Result/History/fc3d
2023309,2023-11-19,202,https://caipiao.eastmoney.com/Result/History/fc3d
2023310,2023-11-20,956,https://caipiao.eastmoney.com/Result/History/fc3d
2023311,2023-11-20,271,https://caipiao.eastmoney.com/Result/History/fc3d
2023312,2023-11-22,791,https://caipiao.eastmoney.com/Result/History/fc3d
2023313,2023-11-23,989,https://caipiao.eastmoney.com/Result/History/fc3d
2023314,2023-11-24,228,https://caipiao.eastmoney.com/Result/History/fc3d
2023315,2023-11-25,618,https://caipiao.eastmoney.com/Result/History/fc3d
2023316,2023-11-26,483,https://caipiao.eastmoney.com/Result/History/fc3d
2023317,2023-11-27,131,https://caipiao.eastmoney.com/Result/History/fc3d
2023318,2023-11-28,014,https://caipiao.eastmoney.com/Result/History/fc3d
2023319,2023-11-29,727,https://caipiao.eastmoney.com/Result/History/fc3d
2023320,2023-11-30,375,https://caipiao.eastmoney.com/Result/History/fc3d
2023321,2023-12-01,752,https://caipiao.eastmoney.com/Result/History/fc3d
2023322,2023-12-02,804,https://caipiao.eastmoney.com/Result/History/fc3d
2023323,2023-12-03,269,https://caipiao.eastmoney.com/Result/History/fc3d
2023324,2023-12-04,495,https://caipiao.eastmoney.com/Result/History/fc3d
2023325,2023-12-05,490,https://caipiao.eastmoney.com/Result/History/fc3d
2023326,2023-12-06,371,https://caipiao.eastmoney.com/Result/History/fc3d
2023327,2023-12-07,014,https://caipiao.eastmoney.com/Result/History/fc3d
2023328,2023-12-08,169,https://caipiao.eastmoney.com/Result/History/fc3d
2023329,2023-12-09,573,https://caipiao.eastmoney.com/Result/History/fc3d
2023330,2023-12-10,376,https://caipiao.eastmoney.com/Result/History/fc3d
2023331,2023-12-11,241,https://caipiao.eastmoney.com/Result/History/fc3d
2023332,2023-12-12,161,https://caipiao.eastmoney.com/Result/History/fc3d
2023333,2023-12-13,188,https://caipiao.eastmoney.com/Result/History/fc3d
2023334,2023-12-14,900,https://caipiao.eastmoney.com/Result/History/fc3d
2023335,2023-12-15,111,https://caipiao.eastmoney.com/Result/History/fc3d
2023336,2023-12-16,188,https://caipiao.eastmoney.com/Result/History/fc3d
2023337,2023-12-17,862,https://caipiao.eastmoney.com/Result/History/fc3d
2023338,2023-12-18,477,https://caipiao.eastmoney.com/Result/History/fc3d
2023339,2023-12-19,847,https://caipiao.eastmoney.com/Result/History/fc3d
2023340,2023-12-20,138,https://caipiao.eastmoney.com/Result/History/fc3d
2023341,2023-12-21,227,https://caipiao.eastmoney.com/Result/History/fc3d
2023342,2023-12-22,769,https://caipiao.eastmoney.com/Result/History/fc3d
2023343,2023-12-23,848,https://caipiao.eastmoney.com/Result/History/fc3d
2023344,2023-12-24,968,https://caipiao.eastmoney.com/Result/History/fc3d
2023345,2023-12-25,436,https://caipiao.eastmoney.com/Result/History/fc3d
2023346,2023-12-26,491,https://caipiao.eastmoney.com/Result/History/fc3d
2023347,2023-12-27,560,https://caipiao.eastmoney.com/Result/History/fc3d
2023348,2023-12-28,653,https://caipiao.eastmoney.com/Result/History/fc3d
2023349,2023-12-29,514,https://caipiao.eastmoney.com/Result/History/fc3d
2023350,2023-12-30,771,https://caipiao.eastmoney.com/Result/History/fc3d
2023351,2023-12-31,490,https://caipiao.eastmoney.com/Result/History/fc3d
2024001,2024-01-01,218,https://caipiao.eastmoney.com/Result/History/fc3d
2024002,2024-01-02,669,https://caipiao.eastmoney.com/Result/History/fc3d
2024003,2024-01-03,729,https://caipiao.eastmoney.com/Result/History/fc3d
2024004,2024-01-04,705,https://caipiao.eastmoney.com/Result/History/fc3d
2024005,2024-01-05,806,https://caipiao.eastmoney.com/Result/History/fc3d
2024006,2024-01-06,212,https://caipiao.eastmoney.com/Result/History/fc3d
2024007,2024-01-07,633,https://caipiao.eastmoney.com/Result/History/fc3d
2024008,2024-01-08,423,https://caipiao.eastmoney.com/Result/History/fc3d
2024009,2024-01-09,265,https://caipiao.eastmoney.com/Result/History/fc3d
2024010,2024-01-10,437,https://caipiao.eastmoney.com/Result/History/fc3d
2024011,2024-01-11,927,https://caipiao.eastmoney.com/Result/History/fc3d
2024012,2024-01-12,590,https://caipiao.eastmoney.com/Result/History/fc3d
2024013,2024-01-13,468,https://caipiao.eastmoney.com/Result/History/fc3d
2024014,2024-01-14,251,https://caipiao.eastmoney.com/Result/History/fc3d
2024015,2024-01-15,438,https://caipiao.eastmoney.com/Result/History/fc3d
2024016,2024-01-16,920,https://caipiao.eastmoney.com/Result/History/fc3d
2024017,2024-01-17,659,https://caipiao.eastmoney.com/Result/History/fc3d
2024018,2024-01-18,430,https://caipiao.eastmoney.com/Result/History/fc3d
2024019,2024-01-19,953,https://caipiao.eastmoney.com/Result/History/fc3d
2024020,2024-01-20,868,https://caipiao.eastmoney.com/Result/History/fc3d
2024021,2024-01-21,446,https://caipiao.eastmoney.com/Result/History/fc3d
2024022,2024-01-22,285,https://caipiao.eastmoney.com/Result/History/fc3d
2024023,2024-01-23,247,https://caipiao.eastmoney.com/Result/History/fc3d
2024024,2024-01-24,473,https://caipiao.eastmoney.com/Result/History/fc3d
2024025,2024-01-25,749,https://caipiao.eastmoney.com/Result/History/fc3d
2024026,2024-01-26,149,https://caipiao.eastmoney.com/Result/History/fc3d
2024027,2024-01-27,849,https://caipiao.eastmoney.com/Result/History/fc3d
2024028,2024-01-28,662,https://caipiao.eastmoney.com/Result/History/fc3d
2024029,2024-01-29,094,https://caipiao.eastmoney.com/Result/History/fc3d
2024030,2024-01-30,935,https://caipiao.eastmoney.com/Result/History/fc3d
2024031,2024-01-31,060,https://caipiao.eastmoney.com/Result/History/fc3d
2024032,2024-02-01,995,https://caipiao.eastmoney.com/Result/History/fc3d
2024033,2024-02-02,945,https://caipiao.eastmoney.com/Result/History/fc3d
2024034,2024-02-03,856,https://caipiao.eastmoney.com/Result/History/fc3d
2024035,2024-02-04,045,https://caipiao.eastmoney.com/Result/History/fc3d
2024036,2024-02-05,265,https://caipiao.eastmoney.com/Result/History/fc3d
2024037,2024-02-06,460,https://caipiao.eastmoney.com/Result/History/fc3d
2024038,2024-02-07,676,https://caipiao.eastmoney.com/Result/History/fc3d
2024039,2024-02-18,228,https://caipiao.eastmoney.com/Result/History/fc3d
2024040,2024-02-19,736,https://caipiao.eastmoney.com/Result/History/fc3d
2024041,2024-02-20,315,https://caipiao.eastmoney.com/Result/History/fc3d
2024042,2024-02-21,086,https://caipiao.eastmoney.com/Result/History/fc3d
2024043,2024-02-22,257,https://caipiao.eastmoney.com/Result/History/fc3d
2024044,2024-02-23,363,https://caipiao.eastmoney.com/Result/History/fc3d
2024045,2024-02-24,406,https://caipiao.eastmoney.com/Result/History/fc3d
2024046,2024-02-25,730,https://caipiao.eastmoney.com/Result/History/fc3d
2024047,2024-02-26,420,https://caipiao.eastmoney.com/Result/History/fc3d
2024048,2024-02-27,128,https://caipiao.eastmoney.com/Result/History/fc3d
2024049,2024-02-28,811,https://caipiao.eastmoney.com/Result/History/fc3d
2024050,2024-02-29,634,https://caipiao.eastmoney.com/Result/History/fc3d
2024051,2024-03-01,340,https://caipiao.eastmoney.com/Result/History/fc3d
2024052,2024-03-02,310,https://caipiao.eastmoney.com/Result/History/fc3d
2024053,2024-03-03,478,https://caipiao.eastmoney.com/Result/History/fc3d
2024054,2024-03-04,192,https://caipiao.eastmoney.com/Result/History/fc3d
2024055,2024-03-05,589,https://caipiao.eastmoney.com/Result/History/fc3d
2024056,2024-03-06,542,https://caipiao.eastmoney.com/Result/History/fc3d
2024057,2024-03-07,805,https://caipiao.eastmoney.com/Result/History/fc3d
2024058,2024-03-08,469,https://caipiao.eastmoney.com/Result/History/fc3d
2024059,2024-03-09,758,https://caipiao.eastmoney.com/Result/History/fc3d
2024060,2024-03-10,897,https://caipiao.eastmoney.com/Result/History/fc3d
2024061,2024-03-11,406,https://caipiao.eastmoney.com/Result/History/fc3d
2024066,2024-03-16,198,https://caipiao.eastmoney.com/Result/History/fc3d
2024067,2024-03-17,709,https://caipiao.eastmoney.com/Result/History/fc3d
2024068,2024-03-18,642,https://caipiao.eastmoney.com/Result/History/fc3d
2024069,2024-03-19,451,https://caipiao.eastmoney.com/Result/History/fc3d
2024070,2024-03-20,671,https://caipiao.eastmoney.com/Result/History/fc3d
2024071,2024-03-21,213,https://caipiao.eastmoney.com/Result/History/fc3d
2024072,2024-03-22,977,https://caipiao.eastmoney.com/Result/History/fc3d
2024073,2024-03-23,258,https://caipiao.eastmoney.com/Result/History/fc3d
2024074,2024-03-24,041,https://caipiao.eastmoney.com/Result/History/fc3d
2024075,2024-03-25,254,https://caipiao.eastmoney.com/Result/History/fc3d
2024076,2024-03-26,655,https://caipiao.eastmoney.com/Result/History/fc3d
2024077,2024-03-27,336,https://caipiao.eastmoney.com/Result/History/fc3d
2024078,2024-03-28,397,https://caipiao.eastmoney.com/Result/History/fc3d
2024079,2024-03-29,931,https://caipiao.eastmoney.com/Result/History/fc3d
2024080,2024-03-30,775,https://caipiao.eastmoney.com/Result/History/fc3d
2024081,2024-03-31,108,https://caipiao.eastmoney.com/Result/History/fc3d
2024082,2024-04-01,920,https://caipiao.eastmoney.com/Result/History/fc3d
2024083,2024-04-02,899,https://caipiao.eastmoney.com/Result/History/fc3d
2024084,2024-04-03,219,https://caipiao.eastmoney.com/Result/History/fc3d
2024085,2024-04-04,490,https://caipiao.eastmoney.com/Result/History/fc3d
2024086,2024-04-05,532,https://caipiao.eastmoney.com/Result/History/fc3d
2024087,2024-04-06,797,https://caipiao.eastmoney.com/Result/History/fc3d
2024088,2024-04-07,761,https://caipiao.eastmoney.com/Result/History/fc3d
2024089,2024-04-08,457,https://caipiao.eastmoney.com/Result/History/fc3d
2024090,2024-04-09,890,https://caipiao.eastmoney.com/Result/History/fc3d
2024091,2024-04-10,564,https://caipiao.eastmoney.com/Result/History/fc3d
2024092,2024-04-11,071,https://caipiao.eastmoney.com/Result/History/fc3d
2024093,2024-04-12,647,https://caipiao.eastmoney.com/Result/History/fc3d
2024094,2024-04-13,679,https://caipiao.eastmoney.com/Result/History/fc3d
2024095,2024-04-14,257,https://caipiao.eastmoney.com/Result/History/fc3d
2024096,2024-04-15,129,https://caipiao.eastmoney.com/Result/History/fc3d
2024097,2024-04-16,389,https://caipiao.eastmoney.com/Result/History/fc3d
2024098,2024-04-17,620,https://caipiao.eastmoney.com/Result/History/fc3d
2024099,2024-04-18,190,https://caipiao.eastmoney.com/Result/History/fc3d
2024100,2024-04-19,936,https://caipiao.eastmoney.com/Result/History/fc3d
2024101,2024-04-20,594,https://caipiao.eastmoney.com/Result/History/fc3d
2024102,2024-04-21,339,https://caipiao.eastmoney.com/Result/History/fc3d
2024103,2024-04-22,984,https://caipiao.eastmoney.com/Result/History/fc3d
2024104,2024-04-23,579,https://caipiao.eastmoney.com/Result/History/fc3d
2024105,2024-04-24,976,https://caipiao.eastmoney.com/Result/History/fc3d
2024106,2024-04-25,127,https://caipiao.eastmoney.com/Result/History/fc3d
2024107,2024-04-26,062,https://caipiao.eastmoney.com/Result/History/fc3d
2024108,2024-04-27,432,https://caipiao.eastmoney.com/Result/History/fc3d
2024109,2024-04-28,181,https://caipiao.eastmoney.com/Result/History/fc3d
2024110,2024-04-29,506,https://caipiao.eastmoney.com/Result/History/fc3d
2024111,2024-04-30,206,https://caipiao.eastmoney.com/Result/History/fc3d
2024112,2024-05-01,630,https://caipiao.eastmoney.com/Result/History/fc3d
2024113,2024-05-02,242,https://caipiao.eastmoney.com/Result/History/fc3d
2024114,2024-05-03,075,https://caipiao.eastmoney.com/Result/History/fc3d
2024115,2024-05-04,099,https://caipiao.eastmoney.com/Result/History/fc3d
2024116,2024-05-05,851,https://caipiao.eastmoney.com/Result/History/fc3d
2024117,2024-05-06,989,https://caipiao.eastmoney.com/Result/History/fc3d
2024118,2024-05-07,343,https://caipiao.eastmoney.com/Result/History/fc3d
2024119,2024-05-08,508,https://caipiao.eastmoney.com/Result/History/fc3d
2024120,2024-05-09,549,https://caipiao.eastmoney.com/Result/History/fc3d
2024121,2024-05-10,289,https://caipiao.eastmoney.com/Result/History/fc3d
2024122,2024-05-11,708,https://caipiao.eastmoney.com/Result/History/fc3d
2024123,2024-05-12,183,https://caipiao.eastmoney.com/Result/History/fc3d
2024124,2024-05-13,787,https://caipiao.eastmoney.com/Result/History/fc3d
2024125,2024-05-14,649,https://caipiao.eastmoney.com/Result/History/fc3d
2024126,2024-05-15,323,https://caipiao.eastmoney.com/Result/History/fc3d
2024127,2024-05-16,214,https://caipiao.eastmoney.com/Result/History/fc3d
2024128,2024-05-17,573,https://caipiao.eastmoney.com/Result/History/fc3d
2024129,2024-05-18,067,https://caipiao.eastmoney.com/Result/History/fc3d
2024130,2024-05-19,066,https://caipiao.eastmoney.com/Result/History/fc3d
2024131,2024-05-20,069,https://caipiao.eastmoney.com/Result/History/fc3d
2024132,2024-05-21,652,https://caipiao.eastmoney.com/Result/History/fc3d
2024133,2024-05-22,741,https://caipiao.eastmoney.com/Result/History/fc3d
2024134,2024-05-23,640,https://caipiao.eastmoney.com/Result/History/fc3d
2024135,2024-05-24,035,https://caipiao.eastmoney.com/Result/History/fc3d
2024136,2024-05-25,227,https://caipiao.eastmoney.com/Result/History/fc3d
2024137,2024-05-26,982,https://caipiao.eastmoney.com/Result/History/fc3d
2024138,2024-05-27,955,https://caipiao.eastmoney.com/Result/History/fc3d
2024139,2024-05-28,748,https://caipiao.eastmoney.com/Result/History/fc3d
2024140,2024-05-29,536,https://caipiao.eastmoney.com/Result/History/fc3d
2024141,2024-05-30,256,https://caipiao.eastmoney.com/Result/History/fc3d
2024142,2024-05-31,813,https://caipiao.eastmoney.com/Result/History/fc3d
2024143,2024-06-01,955,https://caipiao.eastmoney.com/Result/History/fc3d
2024144,2024-06-02,816,https://caipiao.eastmoney.com/Result/History/fc3d
2024145,2024-06-03,756,https://caipiao.eastmoney.com/Result/History/fc3d
2024146,2024-06-04,180,https://caipiao.eastmoney.com/Result/History/fc3d
2024147,2024-06-05,225,https://caipiao.eastmoney.com/Result/History/fc3d
2024148,2024-06-06,426,https://caipiao.eastmoney.com/Result/History/fc3d
2024149,2024-06-07,153,https://caipiao.eastmoney.com/Result/History/fc3d
2024150,2024-06-08,356,https://caipiao.eastmoney.com/Result/History/fc3d
2024151,2024-06-09,765,https://caipiao.eastmoney.com/Result/History/fc3d
2024152,2024-06-10,848,https://caipiao.eastmoney.com/Result/History/fc3d
2024153,2024-06-11,287,https://caipiao.eastmoney.com/Result/History/fc3d
2024154,2024-06-12,834,https://caipiao.eastmoney.com/Result/History/fc3d
2024155,2024-06-13,411,https://caipiao.eastmoney.com/Result/History/fc3d
2024156,2024-06-14,180,https://caipiao.eastmoney.com/Result/History/fc3d
2024157,2024-06-15,126,https://caipiao.eastmoney.com/Result/History/fc3d
2024158,2024-06-16,821,https://caipiao.eastmoney.com/Result/History/fc3d
2024159,2024-06-17,212,https://caipiao.eastmoney.com/Result/History/fc3d
2024160,2024-06-18,690,https://caipiao.eastmoney.com/Result/History/fc3d
2024161,2024-06-19,468,https://caipiao.eastmoney.com/Result/History/fc3d
2024162,2024-06-20,164,https://caipiao.eastmoney.com/Result/History/fc3d
2024163,2024-06-21,304,https://caipiao.eastmoney.com/Result/History/fc3d
2024164,2024-06-22,354,https://caipiao.eastmoney.com/Result/History/fc3d
2024165,2024-06-23,145,https://caipiao.eastmoney.com/Result/History/fc3d
2024166,2024-06-24,397,https://caipiao.eastmoney.com/Result/History/fc3d
2024167,2024-06-25,220,https://caipiao.eastmoney.com/Result/History/fc3d
2024168,2024-06-26,752,https://caipiao.eastmoney.com/Result/History/fc3d
2024169,2024-06-27,402,https://caipiao.eastmoney.com/Result/History/fc3d
2024170,2024-06-28,225,https://caipiao.eastmoney.com/Result/History/fc3d
2024171,2024-06-29,480,https://caipiao.eastmoney.com/Result/History/fc3d
2024172,2024-06-30,908,https://caipiao.eastmoney.com/Result/History/fc3d
2024173,2024-07-01,449,https://caipiao.eastmoney.com/Result/History/fc3d
2024174,2024-07-02,236,https://caipiao.eastmoney.com/Result/History/fc3d
2024175,2024-07-03,488,https://caipiao.eastmoney.com/Result/History/fc3d
2024176,2024-07-04,108,https://caipiao.eastmoney.com/Result/History/fc3d
2024177,2024-07-05,460,https://caipiao.eastmoney.com/Result/History/fc3d
2024178,2024-07-06,581,https://caipiao.eastmoney.com/Result/History/fc3d
2024179,2024-07-07,005,https://caipiao.eastmoney.com/Result/History/fc3d
2024180,2024-07-08,918,https://caipiao.eastmoney.com/Result/History/fc3d
2024181,2024-07-09,230,https://caipiao.eastmoney.com/Result/History/fc3d
2024182,2024-07-10,884,https://caipiao.eastmoney.com/Result/History/fc3d
2024183,2024-07-11,443,https://caipiao.eastmoney.com/Result/History/fc3d
2024184,2024-07-12,933,https://caipiao.eastmoney.com/Result/History/fc3d
2024185,2024-07-13,306,https://caipiao.eastmoney.com/Result/History/fc3d
2024186,2024-07-14,579,https://caipiao.eastmoney.com/Result/History/fc3d
2024187,2024-07-15,380,https://caipiao.eastmoney.com/Result/History/fc3d
2024188,2024-07-16,956,https://caipiao.eastmoney.com/Result/History/fc3d
2024189,2024-07-17,530,https://caipiao.eastmoney.com/Result/History/fc3d
2024190,2024-07-18,410,https://caipiao.eastmoney.com/Result/History/fc3d
2024191,2024-07-19,382,https://caipiao.eastmoney.com/Result/History/fc3d
2024192,2024-07-20,676,https://caipiao.eastmoney.com/Result/History/fc3d
2024193,2024-07-21,681,https://caipiao.eastmoney.com/Result/History/fc3d
2024194,2024-07-22,137,https://caipiao.eastmoney.com/Result/History/fc3d
2024195,2024-07-23,725,https://caipiao.eastmoney.com/Result/History/fc3d
2024196,2024-07-24,056,https://caipiao.eastmoney.com/Result/History/fc3d
2024197,2024-07-25,224,https://caipiao.eastmoney.com/Result/History/fc3d
2024198,2024-07-26,710,https://caipiao.eastmoney.com/Result/History/fc3d
2024199,2024-07-27,147,https://caipiao.eastmoney.com/Result/History/fc3d
2024200,2024-07-28,309,https://caipiao.eastmoney.com/Result/History/fc3d
2024201,2024-07-29,843,https://caipiao.eastmoney.com/Result/History/fc3d
2024202,2024-07-30,552,https://caipiao.eastmoney.com/Result/History/fc3d
2024203,2024-07-31,172,https://caipiao.eastmoney.com/Result/History/fc3d
2024204,2024-08-01,390,https://caipiao.eastmoney.com/Result/History/fc3d
2024205,2024-08-02,651,https://caipiao.eastmoney.com/Result/History/fc3d
2024206,2024-08-03,818,https://caipiao.eastmoney.com/Result/History/fc3d
2024207,2024-08-04,892,https://caipiao.eastmoney.com/Result/History/fc3d
2024208,2024-08-05,281,https://caipiao.eastmoney.com/Result/History/fc3d
2024209,2024-08-06,676,https://caipiao.eastmoney.com/Result/History/fc3d
2024210,2024-08-07,449,https://caipiao.eastmoney.com/Result/History/fc3d
2024211,2024-08-08,054,https://caipiao.eastmoney.com/Result/History/fc3d
2024212,2024-08-09,089,https://caipiao.eastmoney.com/Result/History/fc3d
2024213,2024-08-10,009,https://caipiao.eastmoney.com/Result/History/fc3d
2024214,2024-08-11,365,https://caipiao.eastmoney.com/Result/History/fc3d
2024215,2024-08-12,483,https://caipiao.eastmoney.com/Result/History/fc3d
2024216,2024-08-13,444,https://caipiao.eastmoney.com/Result/History/fc3d
2024217,2024-08-14,405,https://caipiao.eastmoney.com/Result/History/fc3d
2024218,2024-08-15,467,https://caipiao.eastmoney.com/Result/History/fc3d
2024219,2024-08-16,305,https://caipiao.eastmoney.com/Result/History/fc3d
2024220,2024-08-17,414,https://caipiao.eastmoney.com/Result/History/fc3d
2024221,2024-08-18,103,https://caipiao.eastmoney.com/Result/History/fc3d
2024222,2024-08-19,564,https://caipiao.eastmoney.com/Result/History/fc3d
2024223,2024-08-20,773,https://caipiao.eastmoney.com/Result/History/fc3d
2024224,2024-08-21,560,https://caipiao.eastmoney.com/Result/History/fc3d
2024225,2024-08-22,884,https://caipiao.eastmoney.com/Result/History/fc3d
2024226,2024-08-23,380,https://caipiao.eastmoney.com/Result/History/fc3d
2024227,2024-08-24,312,https://caipiao.eastmoney.com/Result/History/fc3d
2024228,2024-08-25,298,https://caipiao.eastmoney.com/Result/History/fc3d
2024229,2024-08-26,911,https://caipiao.eastmoney.com/Result/History/fc3d
2024230,2024-08-27,497,https://caipiao.eastmoney.com/Result/History/fc3d
2024231,2024-08-28,938,https://caipiao.eastmoney.com/Result/History/fc3d
2024232,2024-08-29,012,https://caipiao.eastmoney.com/Result/History/fc3d
2024233,2024-08-30,397,https://caipiao.eastmoney.com/Result/History/fc3d
2024234,2024-08-31,715,https://caipiao.eastmoney.com/Result/History/fc3d
2024235,2024-09-01,492,https://caipiao.eastmoney.com/Result/History/fc3d
2024236,2024-09-02,512,https://caipiao.eastmoney.com/Result/History/fc3d
2024237,2024-09-03,274,https://caipiao.eastmoney.com/Result/History/fc3d
2024238,2024-09-04,469,https://caipiao.eastmoney.com/Result/History/fc3d
2024239,2024-09-05,524,https://caipiao.eastmoney.com/Result/History/fc3d
2024240,2024-09-06,065,https://caipiao.eastmoney.com/Result/History/fc3d
2024241,2024-09-07,470,https://caipiao.eastmoney.com/Result/History/fc3d
2024242,2024-09-08,623,https://caipiao.eastmoney.com/Result/History/fc3d
2024243,2024-09-09,955,https://caipiao.eastmoney.com/Result/History/fc3d
2024244,2024-09-10,863,https://caipiao.eastmoney.com/Result/History/fc3d
2024245,2024-09-11,741,https://caipiao.eastmoney.com/Result/History/fc3d
2024246,2024-09-12,710,https://caipiao.eastmoney.com/Result/History/fc3d
2024247,2024-09-13,783,https://caipiao.eastmoney.com/Result/History/fc3d
2024248,2024-09-14,861,https://caipiao.eastmoney.com/Result/History/fc3d
2024249,2024-09-15,449,https://caipiao.eastmoney.com/Result/History/fc3d
2024250,2024-09-16,253,https://caipiao.eastmoney.com/Result/History/fc3d
2024251,2024-09-17,156,https://caipiao.eastmoney.com/Result/History/fc3d
2024252,2024-09-18,086,https://caipiao.eastmoney.com/Result/History/fc3d
2024253,2024-09-19,274,https://caipiao.eastmoney.com/Result/History/fc3d
2024254,2024-09-20,409,https://caipiao.eastmoney.com/Result/History/fc3d
2024255,2024-09-21,096,https://caipiao.eastmoney.com/Result/History/fc3d
2024256,2024-09-22,749,https://caipiao.eastmoney.com/Result/History/fc3d
2024257,2024-09-23,199,https://caipiao.eastmoney.com/Result/History/fc3d
2024258,2024-09-24,077,https://caipiao.eastmoney.com/Result/History/fc3d
2024259,2024-09-25,249,https://caipiao.eastmoney.com/Result/History/fc3d
2024260,2024-09-26,926,https://caipiao.eastmoney.com/Result/History/fc3d
2024261,2024-09-27,766,https://caipiao.eastmoney.com/Result/History/fc3d
2024262,2024-09-28,465,https://caipiao.eastmoney.com/Result/History/fc3d
2024263,2024-09-29,292,https://caipiao.eastmoney.com/Result/History/fc3d
2024264,2024-09-30,710,https://caipiao.eastmoney.com/Result/History/fc3d
2024265,2024-10-05,245,https://caipiao.eastmoney.com/Result/History/fc3d
2024266,2024-10-06,390,https://caipiao.eastmoney.com/Result/History/fc3d
2024267,2024-10-07,227,https://caipiao.eastmoney.com/Result/History/fc3d
2024268,2024-10-08,931,https://caipiao.eastmoney.com/Result/History/fc3d
2024269,2024-10-09,388,https://caipiao.eastmoney.com/Result/History/fc3d
2024270,2024-10-10,699,https://caipiao.eastmoney.com/Result/History/fc3d
2024271,2024-10-11,795,https://caipiao.eastmoney.com/Result/History/fc3d
2024272,2024-10-12,275,https://caipiao.eastmoney.com/Result/History/fc3d
2024273,2024-10-13,833,https://caipiao.eastmoney.com/Result/History/fc3d
2024274,2024-10-14,172,https://caipiao.eastmoney.com/Result/History/fc3d
2024275,2024-10-15,827,https://caipiao.eastmoney.com/Result/History/fc3d
2024276,2024-10-16,086,https://caipiao.eastmoney.com/Result/History/fc3d
2024277,2024-10-17,684,https://caipiao.eastmoney.com/Result/History/fc3d
2024278,2024-10-18,221,https://caipiao.eastmoney.com/Result/History/fc3d
2024279,2024-10-19,060,https://caipiao.eastmoney.com/Result/History/fc3d
2024280,2024-10-20,248,https://caipiao.eastmoney.com/Result/History/fc3d
2024281,2024-10-21,900,https://caipiao.eastmoney.com/Result/History/fc3d
2024282,2024-10-22,983,https://caipiao.eastmoney.com/Result/History/fc3d
2024283,2024-10-23,419,https://caipiao.eastmoney.com/Result/History/fc3d
2024284,2024-10-24,342,https://caipiao.eastmoney.com/Result/History/fc3d
2024285,2024-10-25,718,https://caipiao.eastmoney.com/Result/History/fc3d
2024286,2024-10-26,621,https://caipiao.eastmoney.com/Result/History/fc3d
2024287,2024-10-27,192,https://caipiao.eastmoney.com/Result/History/fc3d
2024288,2024-10-28,839,https://caipiao.eastmoney.com/Result/History/fc3d
2024289,2024-10-29,989,https://caipiao.eastmoney.com/Result/History/fc3d
2024290,2024-10-30,911,https://caipiao.eastmoney.com/Result/History/fc3d
2024291,2024-10-31,426,https://caipiao.eastmoney.com/Result/History/fc3d
2024292,2024-11-01,462,https://caipiao.eastmoney.com/Result/History/fc3d
2024293,2024-11-02,521,https://caipiao.eastmoney.com/Result/History/fc3d
2024294,2024-11-03,364,https://caipiao.eastmoney.com/Result/History/fc3d
2024295,2024-11-04,571,https://caipiao.eastmoney.com/Result/History/fc3d
2024296,2024-11-05,816,https://caipiao.eastmoney.com/Result/History/fc3d
2024297,2024-11-06,372,https://caipiao.eastmoney.com/Result/History/fc3d
2024298,2024-11-07,055,https://caipiao.eastmoney.com/Result/History/fc3d
2024299,2024-11-08,949,https://caipiao.eastmoney.com/Result/History/fc3d
2024300,2024-11-09,666,https://caipiao.eastmoney.com/Result/History/fc3d
2024301,2024-11-10,435,https://caipiao.eastmoney.com/Result/History/fc3d
2024302,2024-11-11,516,https://caipiao.eastmoney.com/Result/History/fc3d
2024303,2024-11-12,336,https://caipiao.eastmoney.com/Result/History/fc3d
2024304,2024-11-13,169,https://caipiao.eastmoney.com/Result/History/fc3d
2024305,2024-11-14,966,https://caipiao.eastmoney.com/Result/History/fc3d
2024306,2024-11-15,296,https://caipiao.eastmoney.com/Result/History/fc3d
2024307,2024-11-16,579,https://caipiao.eastmoney.com/Result/History/fc3d
2024308,2024-11-17,654,https://caipiao.eastmoney.com/Result/History/fc3d
2024309,2024-11-18,539,https://caipiao.eastmoney.com/Result/History/fc3d
2024310,2024-11-19,603,https://caipiao.eastmoney.com/Result/History/fc3d
2024311,2024-11-20,067,https://caipiao.eastmoney.com/Result/History/fc3d
2024312,2024-11-21,754,https://caipiao.eastmoney.com/Result/History/fc3d
2024313,2024-11-22,095,https://caipiao.eastmoney.com/Result/History/fc3d
2024314,2024-11-23,672,https://caipiao.eastmoney.com/Result/History/fc3d
2024315,2024-11-24,802,https://caipiao.eastmoney.com/Result/History/fc3d
2024316,2024-11-25,789,https://caipiao.eastmoney.com/Result/History/fc3d
2024317,2024-11-26,386,https://caipiao.eastmoney.com/Result/History/fc3d
2024318,2024-11-27,525,https://caipiao.eastmoney.com/Result/History/fc3d
2024319,2024-11-28,726,https://caipiao.eastmoney.com/Result/History/fc3d
2024320,2024-11-29,778,https://caipiao.eastmoney.com/Result/History/fc3d
2024321,2024-11-30,542,https://caipiao.eastmoney.com/Result/History/fc3d
2024322,2024-12-01,867,https://caipiao.eastmoney.com/Result/History/fc3d
2024323,2024-12-02,536,https://caipiao.eastmoney.com/Result/History/fc3d
2024324,2024-12-03,384,https://caipiao.eastmoney.com/Result/History/fc3d
2024325,2024-12-04,158,https://caipiao.eastmoney.com/Result/History/fc3d
2024326,2024-12-05,722,https://caipiao.eastmoney.com/Result/History/fc3d
2024327,2024-12-06,280,https://caipiao.eastmoney.com/Result/History/fc3d
2024328,2024-12-07,306,https://caipiao.eastmoney.com/Result/History/fc3d
2024329,2024-12-08,910,https://caipiao.eastmoney.com/Result/History/fc3d
2024330,2024-12-09,167,https://caipiao.eastmoney.com/Result/History/fc3d
2024331,2024-12-10,964,https://caipiao.eastmoney.com/Result/History/fc3d
2024332,2024-12-11,765,https://caipiao.eastmoney.com/Result/History/fc3d
2024333,2024-12-12,951,https://caipiao.eastmoney.com/Result/History/fc3d
2024334,2024-12-13,541,https://caipiao.eastmoney.com/Result/History/fc3d
2024335,2024-12-14,593,https://caipiao.eastmoney.com/Result/History/fc3d
2024336,2024-12-15,964,https://caipiao.eastmoney.com/Result/History/fc3d
2024337,2024-12-16,843,https://caipiao.eastmoney.com/Result/History/fc3d
2024338,2024-12-17,977,https://caipiao.eastmoney.com/Result/History/fc3d
2024339,2024-12-18,509,https://caipiao.eastmoney.com/Result/History/fc3d
2024340,2024-12-19,278,https://caipiao.eastmoney.com/Result/History/fc3d
2024341,2024-12-20,371,https://caipiao.eastmoney.com/Result/History/fc3d
2024342,2024-12-21,483,https://caipiao.eastmoney.com/Result/History/fc3d
2024343,2024-12-22,214,https://caipiao.eastmoney.com/Result/History/fc3d
2024344,2024-12-23,305,https://caipiao.eastmoney.com/Result/History/fc3d
2024345,2024-12-24,317,https://caipiao.eastmoney.com/Result/History/fc3d
2024346,2024-12-25,056,https://caipiao.eastmoney.com/Result/History/fc3d
2024347,2024-12-26,392,https://caipiao.eastmoney.com/Result/History/fc3d
2024348,2024-12-27,928,https://caipiao.eastmoney.com/Result/History/fc3d
2024349,2024-12-28,108,https://caipiao.eastmoney.com/Result/History/fc3d
2024350,2024-12-29,672,https://caipiao.eastmoney.com/Result/History/fc3d
2024351,2024-12-30,657,https://caipiao.eastmoney.com/Result/History/fc3d
2024352,2024-12-31,292,https://caipiao.eastmoney.com/Result/History/fc3d
2025001,2025-01-01,703,https://caipiao.eastmoney.com/Result/History/fc3d
2025002,2025-01-02,916,https://caipiao.eastmoney.com/Result/History/fc3d
2025003,2025-01-03,214,https://caipiao.eastmoney.com/Result/History/fc3d
2025004,2025-01-04,634,https://caipiao.eastmoney.com/Result/History/fc3d
2025005,2025-01-05,085,https://caipiao.eastmoney.com/Result/History/fc3d
2025006,2025-01-06,898,https://caipiao.eastmoney.com/Result/History/fc3d
2025007,2025-01-07,141,https://caipiao.eastmoney.com/Result/History/fc3d
2025008,2025-01-08,260,https://caipiao.eastmoney.com/Result/History/fc3d
2025009,2025-01-09,416,https://caipiao.eastmoney.com/Result/History/fc3d
2025010,2025-01-10,333,https://caipiao.eastmoney.com/Result/History/fc3d
2025011,2025-01-11,518,https://caipiao.eastmoney.com/Result/History/fc3d
2025012,2025-01-12,487,https://caipiao.eastmoney.com/Result/History/fc3d
2025013,2025-01-13,606,https://caipiao.eastmoney.com/Result/History/fc3d
2025014,2025-01-14,679,https://caipiao.eastmoney.com/Result/History/fc3d
2025015,2025-01-15,942,https://caipiao.eastmoney.com/Result/History/fc3d
2025016,2025-01-16,104,https://caipiao.eastmoney.com/Result/History/fc3d
2025017,2025-01-17,027,https://caipiao.eastmoney.com/Result/History/fc3d
2025018,2025-01-18,836,https://caipiao.eastmoney.com/Result/History/fc3d
2025019,2025-01-19,710,https://caipiao.eastmoney.com/Result/History/fc3d
2025020,2025-01-20,056,https://caipiao.eastmoney.com/Result/History/fc3d
2025021,2025-01-21,468,https://caipiao.eastmoney.com/Result/History/fc3d
2025022,2025-01-22,638,https://caipiao.eastmoney.com/Result/History/fc3d
2025023,2025-01-23,591,https://caipiao.eastmoney.com/Result/History/fc3d
2025024,2025-01-24,762,https://caipiao.eastmoney.com/Result/History/fc3d
2025025,2025-01-25,486,https://caipiao.eastmoney.com/Result/History/fc3d
2025026,2025-01-26,588,https://caipiao.eastmoney.com/Result/History/fc3d
2025027,2025-02-06,383,https://caipiao.eastmoney.com/Result/History/fc3d
2025028,2025-02-07,409,https://caipiao.eastmoney.com/Result/History/fc3d
2025029,2025-02-08,096,https://caipiao.eastmoney.com/Result/History/fc3d
2025030,2025-02-09,302,https://caipiao.eastmoney.com/Result/History/fc3d
2025031,2025-02-10,379,https://caipiao.eastmoney.com/Result/History/fc3d
2025032,2025-02-11,499,https://caipiao.eastmoney.com/Result/History/fc3d
2025033,2025-02-12,606,https://caipiao.eastmoney.com/Result/History/fc3d
2025034,2025-02-13,261,https://caipiao.eastmoney.com/Result/History/fc3d
2025035,2025-02-14,778,https://caipiao.eastmoney.com/Result/History/fc3d
2025036,2025-02-15,617,https://caipiao.eastmoney.com/Result/History/fc3d
2025037,2025-02-16,131,https://caipiao.eastmoney.com/Result/History/fc3d
2025038,2025-02-17,847,https://caipiao.eastmoney.com/Result/History/fc3d
2025039,2025-02-18,932,https://caipiao.eastmoney.com/Result/History/fc3d
2025040,2025-02-19,428,https://caipiao.eastmoney.com/Result/History/fc3d
2025041,2025-02-20,401,https://caipiao.eastmoney.com/Result/History/fc3d
2025042,2025-02-21,775,https://caipiao.eastmoney.com/Result/History/fc3d
2025043,2025-02-22,475,https://caipiao.eastmoney.com/Result/History/fc3d
2025044,2025-02-23,912,https://caipiao.eastmoney.com/Result/History/fc3d
2025045,2025-02-24,554,https://caipiao.eastmoney.com/Result/History/fc3d
2025046,2025-02-25,490,https://caipiao.eastmoney.com/Result/History/fc3d
2025047,2025-02-26,248,https://caipiao.eastmoney.com/Result/History/fc3d
2025048,2025-02-27,640,https://caipiao.eastmoney.com/Result/History/fc3d
2025049,2025-02-28,004,https://caipiao.eastmoney.com/Result/History/fc3d
2025050,2025-03-01,806,https://caipiao.eastmoney.com/Result/History/fc3d
2025051,2025-03-02,905,https://caipiao.eastmoney.com/Result/History/fc3d
2025052,2025-03-03,585,https://caipiao.eastmoney.com/Result/History/fc3d
2025053,2025-03-04,895,https://caipiao.eastmoney.com/Result/History/fc3d
2025054,2025-03-05,497,https://caipiao.eastmoney.com/Result/History/fc3d
2025055,2025-03-06,368,https://caipiao.eastmoney.com/Result/History/fc3d
2025056,2025-03-07,492,https://caipiao.eastmoney.com/Result/History/fc3d
2025057,2025-03-08,397,https://caipiao.eastmoney.com/Result/History/fc3d
2025058,2025-03-09,405,https://caipiao.eastmoney.com/Result/History/fc3d
2025059,2025-03-10,847,https://caipiao.eastmoney.com/Result/History/fc3d
2025060,2025-03-11,938,https://caipiao.eastmoney.com/Result/History/fc3d
2025061,2025-03-12,476,https://caipiao.eastmoney.com/Result/History/fc3d
2025062,2025-03-13,810,https://caipiao.eastmoney.com/Result/History/fc3d
2025063,2025-03-14,405,https://caipiao.eastmoney.com/Result/History/fc3d
2025064,2025-03-15,928,https://caipiao.eastmoney.com/Result/History/fc3d
2025065,2025-03-16,538,https://caipiao.eastmoney.com/Result/History/fc3d
2025066,2025-03-17,720,https://caipiao.eastmoney.com/Result/History/fc3d
2025067,2025-03-18,385,https://caipiao.eastmoney.com/Result/History/fc3d
2025068,2025-03-19,555,https://caipiao.eastmoney.com/Result/History/fc3d
2025069,2025-03-20,906,https://caipiao.eastmoney.com/Result/History/fc3d
2025070,2025-03-21,748,https://caipiao.eastmoney.com/Result/History/fc3d
2025071,2025-03-22,434,https://caipiao.eastmoney.com/Result/History/fc3d
2025072,2025-03-23,272,https://caipiao.eastmoney.com/Result/History/fc3d
2025073,2025-03-24,778,https://caipiao.eastmoney.com/Result/History/fc3d
2025074,2025-03-25,419,https://caipiao.eastmoney.com/Result/History/fc3d
2025075,2025-03-26,709,https://caipiao.eastmoney.com/Result/History/fc3d
2025076,2025-03-27,781,https://caipiao.eastmoney.com/Result/History/fc3d
2025077,2025-03-28,625,https://caipiao.eastmoney.com/Result/History/fc3d
2025078,2025-03-29,000,https://caipiao.eastmoney.com/Result/History/fc3d
2025079,2025-03-30,657,https://caipiao.eastmoney.com/Result/History/fc3d
2025080,2025-03-31,500,https://caipiao.eastmoney.com/Result/History/fc3d
2025081,2025-04-01,403,https://caipiao.eastmoney.com/Result/History/fc3d
2025082,2025-04-02,417,https://caipiao.eastmoney.com/Result/History/fc3d
2025083,2025-04-03,915,https://caipiao.eastmoney.com/Result/History/fc3d
2025084,2025-04-04,030,https://caipiao.eastmoney.com/Result/History/fc3d
2025085,2025-04-05,338,https://caipiao.eastmoney.com/Result/History/fc3d
2025086,2025-04-06,388,https://caipiao.eastmoney.com/Result/History/fc3d
2025087,2025-04-07,826,https://caipiao.eastmoney.com/Result/History/fc3d
2025088,2025-04-08,022,https://caipiao.eastmoney.com/Result/History/fc3d
2025089,2025-04-09,658,https://caipiao.eastmoney.com/Result/History/fc3d
2025090,2025-04-10,159,https://caipiao.eastmoney.com/Result/History/fc3d
2025091,2025-04-11,135,https://caipiao.eastmoney.com/Result/History/fc3d
2025092,2025-04-12,317,https://caipiao.eastmoney.com/Result/History/fc3d
2025093,2025-04-13,545,https://caipiao.eastmoney.com/Result/History/fc3d
2025094,2025-04-14,649,https://caipiao.eastmoney.com/Result/History/fc3d
2025095,2025-04-15,068,https://caipiao.eastmoney.com/Result/History/fc3d
2025096,2025-04-16,385,https://caipiao.eastmoney.com/Result/History/fc3d
2025097,2025-04-17,542,https://caipiao.eastmoney.com/Result/History/fc3d
2025098,2025-04-18,714,https://caipiao.eastmoney.com/Result/History/fc3d
2025099,2025-04-19,707,https://caipiao.eastmoney.com/Result/History/fc3d
2025100,2025-04-20,953,https://caipiao.eastmoney.com/Result/History/fc3d
2025101,2025-04-21,016,https://caipiao.eastmoney.com/Result/History/fc3d
2025102,2025-04-22,161,https://caipiao.eastmoney.com/Result/History/fc3d
2025103,2025-04-23,370,https://caipiao.eastmoney.com/Result/History/fc3d
2025104,2025-04-24,877,https://caipiao.eastmoney.com/Result/History/fc3d
2025105,2025-04-25,015,https://caipiao.eastmoney.com/Result/History/fc3d
2025106,2025-04-26,752,https://caipiao.eastmoney.com/Result/History/fc3d
2025107,2025-04-27,027,https://caipiao.eastmoney.com/Result/History/fc3d
2025108,2025-04-28,407,https://caipiao.eastmoney.com/Result/History/fc3d
2025109,2025-04-29,841,https://caipiao.eastmoney.com/Result/History/fc3d
2025110,2025-04-30,914,https://caipiao.eastmoney.com/Result/History/fc3d
2025111,2025-05-01,270,https://caipiao.eastmoney.com/Result/History/fc3d
2025112,2025-05-02,954,https://caipiao.eastmoney.com/Result/History/fc3d
2025113,2025-05-03,635,https://caipiao.eastmoney.com/Result/History/fc3d
2025114,2025-05-04,375,https://caipiao.eastmoney.com/Result/History/fc3d
2025115,2025-05-05,206,https://caipiao.eastmoney.com/Result/History/fc3d
2025116,2025-05-06,320,https://caipiao.eastmoney.com/Result/History/fc3d
2025117,2025-05-07,849,https://caipiao.eastmoney.com/Result/History/fc3d
2025118,2025-05-08,621,https://caipiao.eastmoney.com/Result/History/fc3d
2025119,2025-05-09,315,https://caipiao.eastmoney.com/Result/History/fc3d
2025120,2025-05-10,912,https://caipiao.eastmoney.com/Result/History/fc3d
2025121,2025-05-11,120,https://caipiao.eastmoney.com/Result/History/fc3d
2025122,2025-05-12,488,https://caipiao.eastmoney.com/Result/History/fc3d
2025123,2025-05-13,725,https://caipiao.eastmoney.com/Result/History/fc3d
2025124,2025-05-14,809,https://caipiao.eastmoney.com/Result/History/fc3d
2025125,2025-05-15,351,https://caipiao.eastmoney.com/Result/History/fc3d
2025126,2025-05-16,320,https://caipiao.eastmoney.com/Result/History/fc3d
2025127,2025-05-17,431,https://caipiao.eastmoney.com/Result/History/fc3d
2025128,2025-05-18,814,https://caipiao.eastmoney.com/Result/History/fc3d
2025129,2025-05-19,915,https://caipiao.eastmoney.com/Result/History/fc3d
2025130,2025-05-20,204,https://caipiao.eastmoney.com/Result/History/fc3d
2025131,2025-05-21,203,https://caipiao.eastmoney.com/Result/History/fc3d
2025132,2025-05-22,689,https://caipiao.eastmoney.com/Result/History/fc3d
2025133,2025-05-23,645,https://caipiao.eastmoney.com/Result/History/fc3d
2025134,2025-05-24,748,https://caipiao.eastmoney.com/Result/History/fc3d
2025135,2025-05-25,458,https://caipiao.eastmoney.com/Result/History/fc3d
2025136,2025-05-26,113,https://caipiao.eastmoney.com/Result/History/fc3d
2025137,2025-05-27,838,https://caipiao.eastmoney.com/Result/History/fc3d
2025138,2025-05-28,296,https://caipiao.eastmoney.com/Result/History/fc3d
2025139,2025-05-29,598,https://caipiao.eastmoney.com/Result/History/fc3d
2025140,2025-05-30,149,https://caipiao.eastmoney.com/Result/History/fc3d
2025141,2025-05-31,202,https://caipiao.eastmoney.com/Result/History/fc3d
2025142,2025-06-01,916,https://caipiao.eastmoney.com/Result/History/fc3d
2025143,2025-06-02,256,https://caipiao.eastmoney.com/Result/History/fc3d
2025144,2025-06-03,666,https://caipiao.eastmoney.com/Result/History/fc3d
2025145,2025-06-04,267,https://caipiao.eastmoney.com/Result/History/fc3d
2025146,2025-06-05,897,https://caipiao.eastmoney.com/Result/History/fc3d
2025147,2025-06-06,321,https://caipiao.eastmoney.com/Result/History/fc3d
2025148,2025-06-07,838,https://caipiao.eastmoney.com/Result/History/fc3d
2025149,2025-06-08,734,https://caipiao.eastmoney.com/Result/History/fc3d
2025150,2025-06-09,321,https://caipiao.eastmoney.com/Result/History/fc3d
2025151,2025-06-10,718,https://caipiao.eastmoney.com/Result/History/fc3d
2025152,2025-06-11,210,https://caipiao.eastmoney.com/Result/History/fc3d
2025153,2025-06-12,069,https://caipiao.eastmoney.com/Result/History/fc3d
2025154,2025-06-13,923,https://caipiao.eastmoney.com/Result/History/fc3d
2025155,2025-06-14,499,https://caipiao.eastmoney.com/Result/History/fc3d
2025156,2025-06-15,775,https://caipiao.eastmoney.com/Result/History/fc3d
2025157,2025-06-16,969,https://caipiao.eastmoney.com/Result/History/fc3d
2025158,2025-06-17,701,https://caipiao.eastmoney.com/Result/History/fc3d
2025159,2025-06-18,073,https://caipiao.eastmoney.com/Result/History/fc3d
2025160,2025-06-19,503,https://caipiao.eastmoney.com/Result/History/fc3d
2025161,2025-06-20,748,https://caipiao.eastmoney.com/Result/History/fc3d
2025162,2025-06-21,275,https://caipiao.eastmoney.com/Result/History/fc3d
2025163,2025-06-22,636,https://caipiao.eastmoney.com/Result/History/fc3d
2025164,2025-06-23,337,https://caipiao.eastmoney.com/Result/History/fc3d
2025165,2025-06-24,609,https://caipiao.eastmoney.com/Result/History/fc3d
2025166,2025-06-25,808,https://caipiao.eastmoney.com/Result/History/fc3d
2025167,2025-06-26,702,https://caipiao.eastmoney.com/Result/History/fc3d
2025168,2025-06-27,514,https://caipiao.eastmoney.com/Result/History/fc3d
2025169,2025-06-28,978,https://caipiao.eastmoney.com/Result/History/fc3d
2025170,2025-06-29,475,https://caipiao.eastmoney.com/Result/History/fc3d
2025171,2025-06-30,113,https://caipiao.eastmoney.com/Result/History/fc3d
2025172,2025-07-01,406,https://caipiao.eastmoney.com/Result/History/fc3d
2025173,2025-07-02,092,https://caipiao.eastmoney.com/Result/History/fc3d
2025174,2025-07-03,533,https://caipiao.eastmoney.com/Result/History/fc3d
2025175,2025-07-04,616,https://caipiao.eastmoney.com/Result/History/fc3d
2025176,2025-07-05,122,https://caipiao.eastmoney.com/Result/History/fc3d
2025177,2025-07-06,497,https://caipiao.eastmoney.com/Result/History/fc3d
2025178,2025-07-07,728,https://caipiao.eastmoney.com/Result/History/fc3d
2025179,2025-07-08,280,https://caipiao.eastmoney.com/Result/History/fc3d
2025180,2025-07-09,260,https://caipiao.eastmoney.com/Result/History/fc3d
2025181,2025-07-10,886,https://caipiao.eastmoney.com/Result/History/fc3d
2025182,2025-07-11,708,https://caipiao.eastmoney.com/Result/History/fc3d
2025183,2025-07-12,744,https://caipiao.eastmoney.com/Result/History/fc3d
2025184,2025-07-13,799,https://caipiao.eastmoney.com/Result/History/fc3d
2025185,2025-07-14,164,https://caipiao.eastmoney.com/Result/History/fc3d
2025186,2025-07-15,227,https://caipiao.eastmoney.com/Result/History/fc3d
2025187,2025-07-16,761,https://caipiao.eastmoney.com/Result/History/fc3d
2025188,2025-07-17,018,https://caipiao.eastmoney.com/Result/History/fc3d
2025189,2025-07-18,907,https://caipiao.eastmoney.com/Result/History/fc3d
2025190,2025-07-19,402,https://caipiao.eastmoney.com/Result/History/fc3d
2025191,2025-07-20,202,https://caipiao.eastmoney.com/Result/History/fc3d
2025192,2025-07-21,691,https://caipiao.eastmoney.com/Result/History/fc3d
2025193,2025-07-22,876,https://caipiao.eastmoney.com/Result/History/fc3d
2025194,2025-07-23,726,https://caipiao.eastmoney.com/Result/History/fc3d
2025195,2025-07-24,980,https://caipiao.eastmoney.com/Result/History/fc3d
2025196,2025-07-25,734,https://caipiao.eastmoney.com/Result/History/fc3d
2025197,2025-07-26,057,https://caipiao.eastmoney.com/Result/History/fc3d
2025198,2025-07-27,898,https://caipiao.eastmoney.com/Result/History/fc3d
2025199,2025-07-28,943,https://caipiao.eastmoney.com/Result/History/fc3d
2025200,2025-07-29,015,https://caipiao.eastmoney.com/Result/History/fc3d
2025201,2025-07-30,846,https://caipiao.eastmoney.com/Result/History/fc3d
2025202,2025-07-31,953,https://caipiao.eastmoney.com/Result/History/fc3d
2025203,2025-08-01,013,https://caipiao.eastmoney.com/Result/History/fc3d
2025204,2025-08-02,007,https://caipiao.eastmoney.com/Result/History/fc3d
2025205,2025-08-03,920,https://caipiao.eastmoney.com/Result/History/fc3d
2025206,2025-08-04,444,https://caipiao.eastmoney.com/Result/History/fc3d
2025207,2025-08-05,255,https://caipiao.eastmoney.com/Result/History/fc3d
2025208,2025-08-06,432,https://caipiao.eastmoney.com/Result/History/fc3d
2025209,2025-08-07,387,https://caipiao.eastmoney.com/Result/History/fc3d
2025210,2025-08-08,520,https://caipiao.eastmoney.com/Result/History/fc3d
2025211,2025-08-09,897,https://caipiao.eastmoney.com/Result/History/fc3d
2025212,2025-08-10,456,https://caipiao.eastmoney.com/Result/History/fc3d
2025213,2025-08-11,381,https://caipiao.eastmoney.com/Result/History/fc3d
2025214,2025-08-12,920,https://caipiao.eastmoney.com/Result/History/fc3d
2025215,2025-08-13,853,https://caipiao.eastmoney.com/Result/History/fc3d
2025216,2025-08-14,625,https://caipiao.eastmoney.com/Result/History/fc3d
2025217,2025-08-15,894,https://caipiao.eastmoney.com/Result/History/fc3d
2025218,2025-08-16,526,https://caipiao.eastmoney.com/Result/History/fc3d
2025219,2025-08-17,900,https://caipiao.eastmoney.com/Result/History/fc3d
2025220,2025-08-18,536,https://caipiao.eastmoney.com/Result/History/fc3d
2025221,2025-08-19,296,https://caipiao.eastmoney.com/Result/History/fc3d
2025222,2025-08-20,010,https://caipiao.eastmoney.com/Result/History/fc3d
2025223,2025-08-21,736,https://caipiao.eastmoney.com/Result/History/fc3d
2025224,2025-08-22,990,https://caipiao.eastmoney.com/Result/History/fc3d
2025225,2025-08-23,806,https://caipiao.eastmoney.com/Result/History/fc3d
2025226,2025-08-24,180,https://caipiao.eastmoney.com/Result/History/fc3d
2025227,2025-08-25,611,https://caipiao.eastmoney.com/Result/History/fc3d
2025228,2025-08-26,465,https://caipiao.eastmoney.com/Result/History/fc3d
2025229,2025-08-27,108,https://caipiao.eastmoney.com/Result/History/fc3d
2025230,2025-08-28,439,https://caipiao.eastmoney.com/Result/History/fc3d
2025231,2025-08-29,732,https://caipiao.eastmoney.com/Result/History/fc3d
2025232,2025-08-30,044,https://caipiao.eastmoney.com/Result/History/fc3d
2025233,2025-08-31,259,https://caipiao.eastmoney.com/Result/History/fc3d
2025234,2025-09-01,620,https://caipiao.eastmoney.com/Result/History/fc3d
2025235,2025-09-02,969,https://caipiao.eastmoney.com/Result/History/fc3d
2025236,2025-09-03,355,https://caipiao.eastmoney.com/Result/History/fc3d
2025237,2025-09-04,590,https://caipiao.eastmoney.com/Result/History/fc3d
2025238,2025-09-05,860,https://caipiao.eastmoney.com/Result/History/fc3d
2025239,2025-09-06,125,https://caipiao.eastmoney.com/Result/History/fc3d
2025240,2025-09-07,419,https://caipiao.eastmoney.com/Result/History/fc3d
2025241,2025-09-08,160,https://caipiao.eastmoney.com/Result/History/fc3d
2025242,2025-09-09,990,https://caipiao.eastmoney.com/Result/History/fc3d
2025243,2025-09-10,176,https://caipiao.eastmoney.com/Result/History/fc3d
2025244,2025-09-11,673,https://caipiao.eastmoney.com/Result/History/fc3d
2025245,2025-09-12,848,https://caipiao.eastmoney.com/Result/History/fc3d
2025246,2025-09-13,997,https://caipiao.eastmoney.com/Result/History/fc3d
2025247,2025-09-14,262,https://caipiao.eastmoney.com/Result/History/fc3d
2025248,2025-09-15,526,https://caipiao.eastmoney.com/Result/History/fc3d
2025249,2025-09-16,952,https://caipiao.eastmoney.com/Result/History/fc3d
2025250,2025-09-17,902,https://caipiao.eastmoney.com/Result/History/fc3d
2025251,2025-09-18,868,https://caipiao.eastmoney.com/Result/History/fc3d
2025252,2025-09-19,792,https://caipiao.eastmoney.com/Result/History/fc3d
2025253,2025-09-20,457,https://caipiao.eastmoney.com/Result/History/fc3d
2025254,2025-09-21,072,https://caipiao.eastmoney.com/Result/History/fc3d
2025255,2025-09-22,264,https://caipiao.eastmoney.com/Result/History/fc3d
2025256,2025-09-23,406,https://caipiao.eastmoney.com/Result/History/fc3d
2025257,2025-09-24,860,https://caipiao.eastmoney.com/Result/History/fc3d
2025258,2025-09-25,626,https://caipiao.eastmoney.com/Result/History/fc3d
2025259,2025-09-26,625,https://caipiao.eastmoney.com/Result/History/fc3d
2025260,2025-09-27,199,https://caipiao.eastmoney.com/Result/History/fc3d
2025261,2025-09-28,751,https://caipiao.eastmoney.com/Result/History/fc3d
2025262,2025-09-29,914,https://caipiao.eastmoney.com/Result/History/fc3d
2025263,2025-09-30,399,https://caipiao.eastmoney.com/Result/History/fc3d
2025264,2025-10-05,734,https://caipiao.eastmoney.com/Result/History/fc3d
2025265,2025-10-06,546,https://caipiao.eastmoney.com/Result/History/fc3d
2025266,2025-10-07,723,https://caipiao.eastmoney.com/Result/History/fc3d
2025267,2025-10-08,391,https://caipiao.eastmoney.com/Result/History/fc3d
2025268,2025-10-09,674,https://caipiao.eastmoney.com/Result/History/fc3d
2025269,2025-10-10,055,https://caipiao.eastmoney.com/Result/History/fc3d
2025270,2025-10-11,408,https://caipiao.eastmoney.com/Result/History/fc3d
2025271,2025-10-12,727,https://caipiao.eastmoney.com/Result/History/fc3d
2025272,2025-10-13,967,https://caipiao.eastmoney.com/Result/History/fc3d
2025273,2025-10-14,045,https://caipiao.eastmoney.com/Result/History/fc3d
2025274,2025-10-15,596,https://caipiao.eastmoney.com/Result/History/fc3d
2025275,2025-10-16,203,https://caipiao.eastmoney.com/Result/History/fc3d
2025276,2025-10-17,714,https://caipiao.eastmoney.com/Result/History/fc3d
2025277,2025-10-18,061,https://caipiao.eastmoney.com/Result/History/fc3d
2025278,2025-10-19,629,https://caipiao.eastmoney.com/Result/History/fc3d
2025279,2025-10-20,752,https://caipiao.eastmoney.com/Result/History/fc3d
2025280,2025-10-21,411,https://caipiao.eastmoney.com/Result/History/fc3d
2025281,2025-10-22,897,https://caipiao.eastmoney.com/Result/History/fc3d
2025282,2025-10-23,416,https://caipiao.eastmoney.com/Result/History/fc3d
2025283,2025-10-24,664,https://caipiao.eastmoney.com/Result/History/fc3d
2025284,2025-10-25,844,https://caipiao.eastmoney.com/Result/History/fc3d
2025285,2025-10-26,172,https://caipiao.eastmoney.com/Result/History/fc3d
2025286,2025-10-27,827,https://caipiao.eastmoney.com/Result/History/fc3d
2025287,2025-10-28,805,https://caipiao.eastmoney.com/Result/History/fc3d
2025288,2025-10-29,767,https://caipiao.eastmoney.com/Result/History/fc3d
2025289,2025-10-30,473,https://caipiao.eastmoney.com/Result/History/fc3d
2025290,2025-10-31,332,https://caipiao.eastmoney.com/Result/History/fc3d
2025291,2025-11-01,794,https://caipiao.eastmoney.com/Result/History/fc3d
2025292,2025-11-02,117,https://caipiao.eastmoney.com/Result/History/fc3d
2025293,2025-11-03,154,https://caipiao.eastmoney.com/Result/History/fc3d
2025294,2025-11-04,513,https://caipiao.eastmoney.com/Result/History/fc3d
2025295,2025-11-05,273,https://caipiao.eastmoney.com/Result/History/fc3d
2025296,2025-11-06,537,https://caipiao.eastmoney.com/Result/History/fc3d
2025297,2025-11-07,051,https://caipiao.eastmoney.com/Result/History/fc3d
2025298,2025-11-08,544,https://caipiao.eastmoney.com/Result/History/fc3d
2025299,2025-11-09,385,https://caipiao.eastmoney.com/Result/History/fc3d
2025300,2025-11-10,867,https://caipiao.eastmoney.com/Result/History/fc3d
2025301,2025-11-11,755,https://caipiao.eastmoney.com/Result/History/fc3d
2025302,2025-11-12,715,https://caipiao.eastmoney.com/Result/History/fc3d
2025303,2025-11-13,933,https://caipiao.eastmoney.com/Result/History/fc3d
2025304,2025-11-14,471,https://caipiao.eastmoney.com/Result/History/fc3d
2025305,2025-11-15,310,https://caipiao.eastmoney.com/Result/History/fc3d
2025306,2025-11-16,697,https://caipiao.eastmoney.com/Result/History/fc3d
2025307,2025-11-17,164,https://caipiao.eastmoney.com/Result/History/fc3d
2025308,2025-11-18,448,https://caipiao.eastmoney.com/Result/History/fc3d
2025309,2025-11-19,190,https://caipiao.eastmoney.com/Result/History/fc3d
2025310,2025-11-20,169,https://caipiao.eastmoney.com/Result/History/fc3d
2025311,2025-11-21,640,https://caipiao.eastmoney.com/Result/History/fc3d
2025312,2025-11-22,689,https://caipiao.eastmoney.com/Result/History/fc3d
2025313,2025-11-23,664,https://caipiao.eastmoney.com/Result/History/fc3d
2025314,2025-11-24,917,https://caipiao.eastmoney.com/Result/History/fc3d
2025315,2025-11-25,729,https://caipiao.eastmoney.com/Result/History/fc3d
2025316,2025-11-26,775,https://caipiao.eastmoney.com/Result/History/fc3d
2025317,2025-11-27,301,https://caipiao.eastmoney.com/Result/History/fc3d
2025318,2025-11-28,430,https://caipiao.eastmoney.com/Result/History/fc3d
2025319,2025-11-29,294,https://caipiao.eastmoney.com/Result/History/fc3d
2025320,2025-11-30,121,https://caipiao.eastmoney.com/Result/History/fc3d
2025321,2025-12-01,847,https://caipiao.eastmoney.com/Result/History/fc3d
2025322,2025-12-02,226,https://caipiao.eastmoney.com/Result/History/fc3d
2025323,2025-12-03,551,https://caipiao.eastmoney.com/Result/History/fc3d
2025324,2025-12-04,661,https://caipiao.eastmoney.com/Result/History/fc3d
2025325,2025-12-05,165,https://caipiao.eastmoney.com/Result/History/fc3d
2025326,2025-12-06,185,https://caipiao.eastmoney.com/Result/History/fc3d
2025327,2025-12-07,789,https://caipiao.eastmoney.com/Result/History/fc3d
2025328,2025-12-08,040,https://caipiao.eastmoney.com/Result/History/fc3d
2025329,2025-12-09,564,https://caipiao.eastmoney.com/Result/History/fc3d
2025330,2025-12-10,062,https://caipiao.eastmoney.com/Result/History/fc3d
2025331,2025-12-11,050,https://caipiao.eastmoney.com/Result/History/fc3d
2025332,2025-12-12,885,https://caipiao.eastmoney.com/Result/History/fc3d
2025333,2025-12-13,273,https://caipiao.eastmoney.com/Result/History/fc3d
2025334,2025-12-14,198,https://caipiao.eastmoney.com/Result/History/fc3d
2025335,2025-12-15,051,https://caipiao.eastmoney.com/Result/History/fc3d
2025336,2025-12-16,641,https://caipiao.eastmoney.com/Result/History/fc3d
2025337,2025-12-17,876,https://caipiao.eastmoney.com/Result/History/fc3d
2025338,2025-12-18,689,https://caipiao.eastmoney.com/Result/History/fc3d
2025339,2025-12-19,676,https://caipiao.eastmoney.com/Result/History/fc3d
2025340,2025-12-20,130,https://caipiao.eastmoney.com/Result/History/fc3d
2025341,2025-12-21,996,https://caipiao.eastmoney.com/Result/History/fc3d
2025342,2025-12-22,681,https://caipiao.eastmoney.com/Result/History/fc3d
2025343,2025-12-23,645,https://caipiao.eastmoney.com/Result/History/fc3d
2025344,2025-12-24,622,https://caipiao.eastmoney.com/Result/History/fc3d
2025345,2025-12-25,630,https://caipiao.eastmoney.com/Result/History/fc3d
2025346,2025-12-26,897,https://caipiao.eastmoney.com/Result/History/fc3d
2025347,2025-12-27,192,https://caipiao.eastmoney.com/Result/History/fc3d
2025348,2025-12-28,278,https://caipiao.eastmoney.com/Result/History/fc3d
2025349,2025-12-29,743,https://caipiao.eastmoney.com/Result/History/fc3d
2025350,2025-12-30,580,https://caipiao.eastmoney.com/Result/History/fc3d
2025351,2025-12-31,452,https://caipiao.eastmoney.com/Result/History/fc3d
2026001,2026-01-01,298,https://caipiao.eastmoney.com/Result/History/fc3d
2026002,2026-01-02,520,https://caipiao.eastmoney.com/Result/History/fc3d
2026003,2026-01-03,601,https://caipiao.eastmoney.com/Result/History/fc3d
2026004,2026-01-04,019,https://caipiao.eastmoney.com/Result/History/fc3d
2026005,2026-01-05,476,https://caipiao.eastmoney.com/Result/History/fc3d
2026006,2026-01-06,244,https://caipiao.eastmoney.com/Result/History/fc3d
2026007,2026-01-07,353,https://caipiao.eastmoney.com/Result/History/fc3d
2026008,2026-01-08,252,https://caipiao.eastmoney.com/Result/History/fc3d
2026009,2026-01-09,265,https://caipiao.eastmoney.com/Result/History/fc3d
2026010,2026-01-10,667,https://caipiao.eastmoney.com/Result/History/fc3d
2026011,2026-01-11,647,https://caipiao.eastmoney.com/Result/History/fc3d
2026012,2026-01-12,241,https://caipiao.eastmoney.com/Result/History/fc3d
2026013,2026-01-13,513,https://caipiao.eastmoney.com/Result/History/fc3d
2026014,2026-01-14,050,https://caipiao.eastmoney.com/Result/History/fc3d
2026015,2026-01-15,532,https://caipiao.eastmoney.com/Result/History/fc3d
2026016,2026-01-16,582,https://caipiao.eastmoney.com/Result/History/fc3d
2026017,2026-01-17,945,https://caipiao.eastmoney.com/Result/History/fc3d
2026018,2026-01-18,494,https://caipiao.eastmoney.com/Result/History/fc3d
2026019,2026-01-19,223,https://caipiao.eastmoney.com/Result/History/fc3d
2026020,2026-01-20,676,https://caipiao.eastmoney.com/Result/History/fc3d
2026021,2026-01-21,559,https://caipiao.eastmoney.com/Result/History/fc3d
2026022,2026-01-22,678,https://caipiao.eastmoney.com/Result/History/fc3d
2026023,2026-01-23,784,https://caipiao.eastmoney.com/Result/History/fc3d
2026024,2026-01-24,911,https://caipiao.eastmoney.com/Result/History/fc3d
2026025,2026-01-25,029,https://caipiao.eastmoney.com/Result/History/fc3d
2026026,2026-01-26,099,https://caipiao.eastmoney.com/Result/History/fc3d
2026027,2026-01-27,126,https://caipiao.eastmoney.com/Result/History/fc3d
2026028,2026-01-28,270,https://caipiao.eastmoney.com/Result/History/fc3d
2026029,2026-01-29,003,https://caipiao.eastmoney.com/Result/History/fc3d
2026030,2026-01-30,134,https://caipiao.eastmoney.com/Result/History/fc3d
2026031,2026-01-31,142,https://caipiao.eastmoney.com/Result/History/fc3d
2026032,2026-02-01,452,https://caipiao.eastmoney.com/Result/History/fc3d
2026033,2026-02-02,119,https://caipiao.eastmoney.com/Result/History/fc3d
2026034,2026-02-03,052,https://caipiao.eastmoney.com/Result/History/fc3d
2026035,2026-02-04,213,https://caipiao.eastmoney.com/Result/History/fc3d
2026036,2026-02-05,762,https://caipiao.eastmoney.com/Result/History/fc3d
2026037,2026-02-06,420,https://caipiao.eastmoney.com/Result/History/fc3d
2026038,2026-02-07,467,https://caipiao.eastmoney.com/Result/History/fc3d
2026039,2026-02-08,450,https://caipiao.eastmoney.com/Result/History/fc3d
2026040,2026-02-09,425,https://caipiao.eastmoney.com/Result/History/fc3d
2026041,2026-02-10,901,https://caipiao.eastmoney.com/Result/History/fc3d
2026042,2026-02-11,854,https://caipiao.eastmoney.com/Result/History/fc3d
2026043,2026-02-12,765,https://caipiao.eastmoney.com/Result/History/fc3d
2026044,2026-02-13,589,https://caipiao.eastmoney.com/Result/History/fc3d
2026045,2026-02-24,181,https://caipiao.eastmoney.com/Result/History/fc3d
2026046,2026-02-25,291,https://caipiao.eastmoney.com/Result/History/fc3d
2026047,2026-02-26,936,https://caipiao.eastmoney.com/Result/History/fc3d
2026048,2026-02-27,612,https://caipiao.eastmoney.com/Result/History/fc3d
2026049,2026-02-28,110,https://caipiao.eastmoney.com/Result/History/fc3d
2026050,2026-03-01,689,https://caipiao.eastmoney.com/Result/History/fc3d
2026051,2026-03-02,302,https://caipiao.eastmoney.com/Result/History/fc3d
2026052,2026-03-03,277,https://caipiao.eastmoney.com/Result/History/fc3d
2026053,2026-03-04,755,https://caipiao.eastmoney.com/Result/History/fc3d
2026054,2026-03-05,217,https://caipiao.eastmoney.com/Result/History/fc3d
2026055,2026-03-06,107,https://caipiao.eastmoney.com/Result/History/fc3d
2026056,2026-03-07,477,https://caipiao.eastmoney.com/Result/History/fc3d
2026057,2026-03-08,264,https://caipiao.eastmoney.com/Result/History/fc3d
2026058,2026-03-09,543,https://caipiao.eastmoney.com/Result/History/fc3d
2026059,2026-03-10,794,https://caipiao.eastmoney.com/Result/History/fc3d
2026060,2026-03-11,943,https://caipiao.eastmoney.com/Result/History/fc3d
2026061,2026-03-12,429,https://caipiao.eastmoney.com/Result/History/fc3d
2026062,2026-03-13,294,https://caipiao.eastmoney.com/Result/History/fc3d
2026063,2026-03-14,517,https://caipiao.eastmoney.com/Result/History/fc3d
2026064,2026-03-15,604,https://caipiao.eastmoney.com/Result/History/fc3d
2026065,2026-03-16,057,https://caipiao.eastmoney.com/Result/History/fc3d
2026066,2026-03-17,934,https://caipiao.eastmoney.com/Result/History/fc3d
2026067,2026-03-18,695,https://caipiao.eastmoney.com/Result/History/fc3d
2026068,2026-03-19,706,https://caipiao.eastmoney.com/Result/History/fc3d
2026069,2026-03-20,908,https://caipiao.eastmoney.com/Result/History/fc3d
2026070,2026-03-21,484,https://caipiao.eastmoney.com/Result/History/fc3d
2026071,2026-03-22,261,https://caipiao.eastmoney.com/Result/History/fc3d
2026072,2026-03-23,245,https://caipiao.eastmoney.com/Result/History/fc3d
2026073,2026-03-24,504,https://caipiao.eastmoney.com/Result/History/fc3d
2026074,2026-03-25,487,https://caipiao.eastmoney.com/Result/History/fc3d
2026075,2026-03-26,816,https://caipiao.eastmoney.com/Result/History/fc3d
2026076,2026-03-27,863,https://caipiao.eastmoney.com/Result/History/fc3d
2026077,2026-03-28,112,https://caipiao.eastmoney.com/Result/History/fc3d
2026078,2026-03-29,049,https://caipiao.eastmoney.com/Result/History/fc3d
2026079,2026-03-30,233,https://caipiao.eastmoney.com/Result/History/fc3d
2026080,2026-03-31,802,https://caipiao.eastmoney.com/Result/History/fc3d
2026081,2026-04-01,827,https://caipiao.eastmoney.com/Result/History/fc3d
2026082,2026-04-02,942,https://caipiao.eastmoney.com/Result/History/fc3d
2026083,2026-04-03,506,https://caipiao.eastmoney.com/Result/History/fc3d
2026084,2026-04-04,456,https://caipiao.eastmoney.com/Result/History/fc3d
2026085,2026-04-05,118,https://caipiao.eastmoney.com/Result/History/fc3d
2026086,2026-04-06,382,https://caipiao.eastmoney.com/Result/History/fc3d
2026087,2026-04-07,911,https://caipiao.eastmoney.com/Result/History/fc3d
2026088,2026-04-08,608,https://caipiao.eastmoney.com/Result/History/fc3d
2026089,2026-04-09,922,https://caipiao.eastmoney.com/Result/History/fc3d
2026090,2026-04-10,816,https://caipiao.eastmoney.com/Result/History/fc3d
2026091,2026-04-11,537,https://caipiao.eastmoney.com/Result/History/fc3d
2026092,2026-04-12,870,https://caipiao.eastmoney.com/Result/History/fc3d
2026093,2026-04-13,518,https://caipiao.eastmoney.com/Result/History/fc3d
2026094,2026-04-14,418,https://caipiao.eastmoney.com/Result/History/fc3d
2026095,2026-04-15,022,https://caipiao.eastmoney.com/Result/History/fc3d
2026096,2026-04-16,689,https://caipiao.eastmoney.com/Result/History/fc3d
2026097,2026-04-17,818,https://caipiao.eastmoney.com/Result/History/fc3d
2026098,2026-04-18,513,https://caipiao.eastmoney.com/Result/History/fc3d
2026099,2026-04-19,877,https://caipiao.eastmoney.com/Result/History/fc3d
2026100,2026-04-20,414,https://caipiao.eastmoney.com/Result/History/fc3d
2026101,2026-04-21,584,https://caipiao.eastmoney.com/Result/History/fc3d
2026102,2026-04-22,420,https://caipiao.eastmoney.com/Result/History/fc3d
2026103,2026-04-23,661,https://caipiao.eastmoney.com/Result/History/fc3d
2026104,2026-04-24,482,https://caipiao.eastmoney.com/Result/History/fc3d
2026105,2026-04-25,631,https://caipiao.eastmoney.com/Result/History/fc3d
2026106,2026-04-26,928,https://caipiao.eastmoney.com/Result/History/fc3d
2026107,2026-04-27,278,https://caipiao.eastmoney.com/Result/History/fc3d
2026108,2026-04-28,671,https://caipiao.eastmoney.com/Result/History/fc3d
2026109,2026-04-29,195,https://caipiao.eastmoney.com/Result/History/fc3d
2026110,2026-04-30,379,https://caipiao.eastmoney.com/Result/History/fc3d
2026111,2026-05-01,863,https://caipiao.eastmoney.com/Result/History/fc3d
2026112,2026-05-02,065,https://caipiao.eastmoney.com/Result/History/fc3d
2026113,2026-05-03,040,https://caipiao.eastmoney.com/Result/History/fc3d
2026114,2026-05-04,864,https://caipiao.eastmoney.com/Result/History/fc3d
2026115,2026-05-05,581,https://caipiao.eastmoney.com/Result/History/fc3d
2026116,2026-05-06,020,https://caipiao.eastmoney.com/Result/History/fc3d
2026117,2026-05-07,411,https://caipiao.eastmoney.com/Result/History/fc3d
2026118,2026-05-08,132,https://caipiao.eastmoney.com/Result/History/fc3d
2026119,2026-05-09,112,https://caipiao.eastmoney.com/Result/History/fc3d
2026120,2026-05-10,734,https://caipiao.eastmoney.com/Result/History/fc3d
2026121,2026-05-11,393,https://caipiao.eastmoney.com/Result/History/fc3d
2026122,2026-05-12,346,https://caipiao.eastmoney.com/Result/History/fc3d
2026123,2026-05-13,200,https://caipiao.eastmoney.com/Result/History/fc3d
2026124,2026-05-14,280,https://caipiao.eastmoney.com/Result/History/fc3d
2026125,2026-05-15,954,https://caipiao.eastmoney.com/Result/History/fc3d
2026126,2026-05-16,846,https://caipiao.eastmoney.com/Result/History/fc3d
2026127,2026-05-17,700,https://caipiao.eastmoney.com/Result/History/fc3d
2026128,2026-05-18,776,https://caipiao.eastmoney.com/Result/History/fc3d
2026129,2026-05-19,023,https://caipiao.eastmoney.com/Result/History/fc3d
2026130,2026-05-20,267,https://caipiao.eastmoney.com/Result/History/fc3d
2026131,2026-05-21,598,https://caipiao.eastmoney.com/Result/History/fc3d
2026132,2026-05-22,756,https://caipiao.eastmoney.com/Result/History/fc3d
2026133,2026-05-23,080,https://caipiao.eastmoney.com/Result/History/fc3d
2026134,2026-05-24,654,https://caipiao.eastmoney.com/Result/History/fc3d
2026135,2026-05-25,487,https://caipiao.eastmoney.com/Result/History/fc3d
2026136,2026-05-26,889,https://caipiao.eastmoney.com/Result/History/fc3d
2026137,2026-05-27,165,https://caipiao.eastmoney.com/Result/History/fc3d
2026138,2026-05-28,790,https://caipiao.eastmoney.com/Result/History/fc3d
2026139,2026-05-29,286,https://caipiao.eastmoney.com/Result/History/fc3d
2026140,2026-05-30,285,https://caipiao.eastmoney.com/Result/History/fc3d
2026141,2026-05-31,397,https://caipiao.eastmoney.com/Result/History/fc3d
2026142,2026-06-01,894,https://caipiao.eastmoney.com/Result/History/fc3d
2026143,2026-06-02,376,https://caipiao.eastmoney.com/Result/History/fc3d
2026144,2026-06-03,726,https://caipiao.eastmoney.com/Result/History/fc3d
2026145,2026-06-04,279,https://caipiao.eastmoney.com/Result/History/fc3d
2026146,2026-06-05,464,https://caipiao.eastmoney.com/Result/History/fc3d
2026147,2026-06-06,712,https://caipiao.eastmoney.com/Result/History/fc3d
2026148,2026-06-07,408,https://caipiao.eastmoney.com/Result/History/fc3d
2026149,2026-06-08,696,https://caipiao.eastmoney.com/Result/History/fc3d
2026150,2026-06-09,720,https://caipiao.eastmoney.com/Result/History/fc3d
2026151,2026-06-10,631,https://caipiao.eastmoney.com/Result/History/fc3d
2026152,2026-06-11,220,https://caipiao.eastmoney.com/Result/History/fc3d
2026153,2026-06-12,887,https://caipiao.eastmoney.com/Result/History/fc3d
2026154,2026-06-13,377,https://caipiao.eastmoney.com/Result/History/fc3d
2026155,2026-06-14,409,https://caipiao.eastmoney.com/Result/History/fc3d
2026156,2026-06-15,162,https://caipiao.eastmoney.com/Result/History/fc3d
2026157,2026-06-16,327,https://caipiao.eastmoney.com/Result/History/fc3d
